paese,AMBASCIATORE,start-url,AMBASCIATA,sesso,nome,codice
AFGHANISTAN,UGOLINI SABRINA,https://www.esteri.it/it/ministero/struttura/laretediplomatica/?pag=1,KABUL,F,Sabrina,AFG
ALBANIA,,https://www.esteri.it/it/ministero/struttura/laretediplomatica/?pag=1,TIRANA,,,ALB
ALGERIA,CUTILLO ALBERTO,https://www.esteri.it/it/ministero/struttura/laretediplomatica/?pag=1,ALGERI,M,Alberto,DZA
ANDORRA,BUCCINO GRIMALDI GIUSEPPE MARIA,https://www.esteri.it/it/ministero/struttura/laretediplomatica/?pag=1,,M,Giuseppe Maria,AND
ANGOLA,RICCI MARCO,https://www.esteri.it/it/ministero/struttura/laretediplomatica/?pag=1,LUANDA,M,Marco,AGO
ANTIGUA E BARBUDA,NICOLETTI FABRIZIO,https://www.esteri.it/it/ministero/struttura/laretediplomatica/?pag=1,,M,Fabrizio,ATG
ARABIA SAUDITA,BALDOCCI CARLO,https://www.esteri.it/it/ministero/struttura/laretediplomatica/?pag=1,RIAD,M,Carlo,SAU
ARGENTINA,LUCENTINI FABRIZIO,https://www.esteri.it/it/ministero/struttura/laretediplomatica/?pag=1,BUENOS AIRES,M,Fabrizio,ARG
ARMENIA,FERRANTI ALESSANDRO,https://www.esteri.it/it/ministero/struttura/laretediplomatica/?pag=1,JEREVAN,M,Alessandro,ARM
AUSTRALIA,CRUDELE PAOLO,https://www.esteri.it/it/ministero/struttura/laretediplomatica/?pag=1,CANBERRA,M,Paolo,AUS
AUSTRIA,PUGLIESE GIOVANNI,https://www.esteri.it/it/ministero/struttura/laretediplomatica/?pag=2,VIENNA,M,Giovanni,AUT
AZERBAIGIAN,DI GIANFRANCESCO LUCA,https://www.esteri.it/it/ministero/struttura/laretediplomatica/?pag=2,BAKU,M,Luca,AZE
BAHAMAS,ZAPPIA MARIA ANGELA,https://www.esteri.it/it/ministero/struttura/laretediplomatica/?pag=2,,F,Maria Angela,BHS
BAHREIN,CATALANO ANDREA,https://www.esteri.it/it/ministero/struttura/laretediplomatica/?pag=2,MANAMA,M,Andrea,BHR
BANGLADESH,ALESSANDRO ANTONIO,https://www.esteri.it/it/ministero/struttura/laretediplomatica/?pag=2,DHAKA,M,Antonio,BGD
BARBADOS,NICOLETTI FABRIZIO,https://www.esteri.it/it/ministero/struttura/laretediplomatica/?pag=2,,M,Fabrizio,BRB
BELGIO,FAVI FEDERICA,https://www.esteri.it/it/ministero/struttura/laretediplomatica/?pag=2,BRUXELLES,F,Federica,BEL
BELIZE,MODIANO ALESSANDRO,https://www.esteri.it/it/ministero/struttura/laretediplomatica/?pag=2,,M,Alessandro,BLZ
BENIN,DE LEO STEFANO,https://www.esteri.it/it/ministero/struttura/laretediplomatica/?pag=2,,M,Stefano,BEN
BIELORUSSIA,MARCHEGIANI TOMASO PIETRO,https://www.esteri.it/it/ministero/struttura/laretediplomatica/?pag=2,MINSK,M,Tommaso Pietro,BLR
BOLIVIA,MESSINEO FABIO,https://www.esteri.it/it/ministero/struttura/laretediplomatica/?pag=3,LA PAZ,M,Fabio,BOL
BOSNIA-ERZEGOVINA,CASTELLANI SARAH ETI,https://www.esteri.it/it/ministero/struttura/laretediplomatica/?pag=3,SARAJEVO,F,Sarah Eti,BIH
BOTSWANA,ANNIS GABRIELE PHILLIP,https://www.esteri.it/it/ministero/struttura/laretediplomatica/?pag=3,,M,Gabriele Phillip,BWA
BRASILE,CORTESE ALESSANDRO,https://www.esteri.it/it/ministero/struttura/laretediplomatica/?pag=3,BRASILIA,M,Alessandro,BRA
BRUNEI,BRANDI DANTE,https://www.esteri.it/it/ministero/struttura/laretediplomatica/?pag=3,,M,Dante,BRN
BULGARIA,ZARRA GIUSEPPINA,https://www.esteri.it/it/ministero/struttura/laretediplomatica/?pag=3,SOFIA,F,Giuseppina,BGR
BURKINA FASO,DI MUZIO GABRIELE,https://www.esteri.it/it/ministero/struttura/laretediplomatica/?pag=3,OUAGADOUGOU,M,Gabriele,BFA
BURUNDI,MASSONI MAURO,https://www.esteri.it/it/ministero/struttura/laretediplomatica/?pag=3,,M,Mauro,BDI
CAMBOGIA,,https://www.esteri.it/it/ministero/struttura/laretediplomatica/?pag=3,,,,KHM
CAMERUN,SCAMMACCA del MURGO FILIPPO,https://www.esteri.it/it/ministero/struttura/laretediplomatica/?pag=3,YAOUNDE',M,Filippo,CMR
CANADA,CATTANEO ALESSANDRO,https://www.esteri.it/it/ministero/struttura/laretediplomatica/?pag=4,OTTAWA,M,Alessandro,CAN
CAPO VERDE,BERTOLINI CATERINA,https://www.esteri.it/it/ministero/struttura/laretediplomatica/?pag=4,,F,Caterina,CPV
CIAD,SCAMMACCA del MURGO FILIPPO,https://www.esteri.it/it/ministero/struttura/laretediplomatica/?pag=4,,M,Filippo,TCD
CILE,BIAGIOTTI VALERIA,https://www.esteri.it/it/ministero/struttura/laretediplomatica/?pag=4,SANTIAGO,F,Valeria,CHL
CIPRO,FERRARI BRAVO FEDERICA,https://www.esteri.it/it/ministero/struttura/laretediplomatica/?pag=4,NICOSIA,F,Federica,CYP
COLOMBIA,CURCIO GIANCARLO MARIA,https://www.esteri.it/it/ministero/struttura/laretediplomatica/?pag=4,BOGOTA',M,Giancarlo Maria,COL
COMORE,COPPOLA GIUSEPPE SEAN,https://www.esteri.it/it/ministero/struttura/laretediplomatica/?pag=4,,M,Giuseppe Sean,COM
COSTA D'AVORIO,LUZZI ARTURO,https://www.esteri.it/it/ministero/struttura/laretediplomatica/?pag=4,ABIDJAN,M,Arturo,CIV
COSTA RICA,COLELLA ALBERTO,https://www.esteri.it/it/ministero/struttura/laretediplomatica/?pag=4,SAN JOSE' DE COSTARICA,M,Alberto,CRI
CROAZIA,TRICHILO PAOLO,https://www.esteri.it/it/ministero/struttura/laretediplomatica/?pag=4,ZAGABRIA,M,Paolo,HRV
CUBA,VELLANO ROBERTO,https://www.esteri.it/it/ministero/struttura/laretediplomatica/?pag=5,L'AVANA,M,Roberto,CUB
DANIMARCA,ROSINI STEFANIA,https://www.esteri.it/it/ministero/struttura/laretediplomatica/?pag=5,COPENAGHEN,F,Stefania,DNK
DOMINICA,NICOLETTI FABRIZIO,https://www.esteri.it/it/ministero/struttura/laretediplomatica/?pag=5,,M,Fabrizio,DMA
ECUADOR,DAVOLI GIOVANNI,https://www.esteri.it/it/ministero/struttura/laretediplomatica/?pag=5,QUITO,M,Giovanni,ECU
EGITTO,QUARONI MICHELE,https://www.esteri.it/it/ministero/struttura/laretediplomatica/?pag=5,IL CAIRO,M,Michele,EGY
EL SALVADOR,ROZO SORDINI PAOLO EMANUELE,https://www.esteri.it/it/ministero/struttura/laretediplomatica/?pag=5,SAN SALVADOR,M,Paolo Emanuele,SLV
EMIRATI ARABI UNITI,FANARA LORENZO,https://www.esteri.it/it/ministero/struttura/laretediplomatica/?pag=5,ABU DHABI,M,Lorenzo,ARE
ERITREA,DI RISO ALFONSO,https://www.esteri.it/it/ministero/struttura/laretediplomatica/?pag=5,ASMARA,M,Alfonso,ERI
ESTONIA,CATANI STEFANO,https://www.esteri.it/it/ministero/struttura/laretediplomatica/?pag=5,TALLINN,M,Stefano,EST
ETIOPIA,PALESE AGOSTINO,https://www.esteri.it/it/ministero/struttura/laretediplomatica/?pag=5,ADDIS ABEBA,M,Agostino,ETH
FEDERAZIONE RUSSA,PICCIONI CECILIA,https://www.esteri.it/it/ministero/struttura/laretediplomatica/?pag=6,MOSCA,F,Cecilia,RUS
FIGI,CRUDELE PAOLO,https://www.esteri.it/it/ministero/struttura/laretediplomatica/?pag=6,,M,Paolo,FJI
FILIPPINE,GIGLIO DAVIDE,https://www.esteri.it/it/ministero/struttura/laretediplomatica/?pag=6,MANILA,M,Davide,PHL
FINLANDIA,TODARO MARESCOTTI NICOLA,https://www.esteri.it/it/ministero/struttura/laretediplomatica/?pag=6,HELSINKI,M,Nicola,FIN
FRANCIA,D'ALESSANDRO EMANUELA,https://www.esteri.it/it/ministero/struttura/laretediplomatica/?pag=6,PARIGI,F,Emanuela,FRA
FRANCIA: TERRITORI AMMINISTRATI IN AFRICA,,https://www.esteri.it/it/ministero/struttura/laretediplomatica/?pag=6,,,,
FRANCIA: TERRITORI AMMINISTRATI IN AMERICA,,https://www.esteri.it/it/ministero/struttura/laretediplomatica/?pag=6,,,,
FRANCIA: TERRITORI AMMINISTRATI IN OCEANIA,,https://www.esteri.it/it/ministero/struttura/laretediplomatica/?pag=6,,,,
GABON,MOSCATELLI STEFANO,https://www.esteri.it/it/ministero/struttura/laretediplomatica/?pag=6,LIBREVILLE,M,Stefano,GAB
GAMBIA,BERTOLINI CATERINA,https://www.esteri.it/it/ministero/struttura/laretediplomatica/?pag=6,,F,Caterina,GMB
GEORGIA,D'ANTUONO MASSIMILIANO,https://www.esteri.it/it/ministero/struttura/laretediplomatica/?pag=7,TBILISI,M,Massimiliano,GEO
GERMANIA,BUCCI FABRIZIO,https://www.esteri.it/it/ministero/struttura/laretediplomatica/?pag=7,BERLINO,M,Fabrizio,DEU
GERUSALEMME,,https://www.esteri.it/it/ministero/struttura/laretediplomatica/?pag=7,,,,
GHANA,,https://www.esteri.it/it/ministero/struttura/laretediplomatica/?pag=7,ACCRA,,,GHA
GIAMAICA,ZAPPIA MARIA ANGELA,https://www.esteri.it/it/ministero/struttura/laretediplomatica/?pag=7,,F,Maria Angela,JAM
GIAPPONE,BENEDETTI GIANLUIGI,https://www.esteri.it/it/ministero/struttura/laretediplomatica/?pag=7,TOKYO,M,Gianluigi,JPN
GIBUTI,PALESE AGOSTINO,https://www.esteri.it/it/ministero/struttura/laretediplomatica/?pag=7,,M,Agostino,DJI
GIORDANIA,PEZZOTTI LUCIANO,https://www.esteri.it/it/ministero/struttura/laretediplomatica/?pag=7,AMMAN,M,Luciano,JOR
GRECIA,CUCULI PAOLO,https://www.esteri.it/it/ministero/struttura/laretediplomatica/?pag=7,ATENE,M,Paolo,GRC
GRENADA,NICOLETTI FABRIZIO,https://www.esteri.it/it/ministero/struttura/laretediplomatica/?pag=7,,M,Fabrizio,GRD
GUATEMALA,DE NICOLO PAOLO,https://www.esteri.it/it/ministero/struttura/laretediplomatica/?pag=8,GUATEMALA,M,Paolo,GTM
GUINEA,,https://www.esteri.it/it/ministero/struttura/laretediplomatica/?pag=8,CONAKRY,,,GIN
GUINEA BISSAU,BERTOLINI CATERINA,https://www.esteri.it/it/ministero/struttura/laretediplomatica/?pag=8,,F,Caterina,GNB
GUINEA EQUATORIALE,SCAMMACCA del MURGO FILIPPO,https://www.esteri.it/it/ministero/struttura/laretediplomatica/?pag=8,,M,Filippo,GNQ
GUYANA,NICOLETTI FABRIZIO,https://www.esteri.it/it/ministero/struttura/laretediplomatica/?pag=8,,M,Fabrizio,GUY
HAITI,QUEIROLO PALMAS STEFANO,https://www.esteri.it/it/ministero/struttura/laretediplomatica/?pag=8,,M,Stefano,HTI
HONDURAS,DE NICOLO PAOLO,https://www.esteri.it/it/ministero/struttura/laretediplomatica/?pag=8,SEZIONE DISTACCATA DI TEGUCIGALPA {Sezione distaccata di Città del Guatemala},M,Paolo,HND
INDIA,BARTOLI ANTONIO ENRICO,https://www.esteri.it/it/ministero/struttura/laretediplomatica/?pag=8,NEW DELHI,M,Antonio Enrico,IND
INDONESIA,COLAMINE' ROBERTO,https://www.esteri.it/it/ministero/struttura/laretediplomatica/?pag=8,JAKARTA,M,Roberto,IDN
IRAN,AMADEI PAOLA,https://www.esteri.it/it/ministero/struttura/laretediplomatica/?pag=8,TEHERAN,F,Paola,IRN
IRAQ,,https://www.esteri.it/it/ministero/struttura/laretediplomatica/?pag=9,BAGHDAD,,,IRQ
IRLANDA,FAGANELLO NICOLA,https://www.esteri.it/it/ministero/struttura/laretediplomatica/?pag=9,DUBLINO,M,Nicola,IRL
ISLANDA,NICOLETTI STEFANO,https://www.esteri.it/it/ministero/struttura/laretediplomatica/?pag=9,,M,Stefano,ISL
ISOLE COOK,CALOGERO FRANCESCO,https://www.esteri.it/it/ministero/struttura/laretediplomatica/?pag=9,,M,Francesco,COK
ISOLE MARSHALL,GIGLIO DAVIDE,https://www.esteri.it/it/ministero/struttura/laretediplomatica/?pag=9,,M,Davide,MHL
ISOLE SALOMONE,CRUDELE PAOLO,https://www.esteri.it/it/ministero/struttura/laretediplomatica/?pag=9,,M,Paolo,SLB
ISRAELE,FERRARI LUCA,https://www.esteri.it/it/ministero/struttura/laretediplomatica/?pag=9,TEL AVIV,M,Luca,ISR
KAZAKHSTAN,,https://www.esteri.it/it/ministero/struttura/laretediplomatica/?pag=9,ASTANA,,,KAZ
KENYA,NATALI ROBERTO,https://www.esteri.it/it/ministero/struttura/laretediplomatica/?pag=9,NAIROBI,M,Roberto,KEN
KIRGHIZISTAN,,https://www.esteri.it/it/ministero/struttura/laretediplomatica/?pag=9,,,,KGZ
KIRIBATI,CALOGERO FRANCESCO,https://www.esteri.it/it/ministero/struttura/laretediplomatica/?pag=10,,M,Francesco,KIR
KOSOVO,DE RIU ANTONELLO,https://www.esteri.it/it/ministero/struttura/laretediplomatica/?pag=10,PRISTINA,M,Antonello,
KUWAIT,MORINI LORENZO,https://www.esteri.it/it/ministero/struttura/laretediplomatica/?pag=10,AL KUWAIT,M,Lorenzo,KWT
LAOS,,https://www.esteri.it/it/ministero/struttura/laretediplomatica/?pag=10,,,,LAO
LESOTHO,,https://www.esteri.it/it/ministero/struttura/laretediplomatica/?pag=10,,,,LSO
LETTONIA,MONTI ALESSANDRO,https://www.esteri.it/it/ministero/struttura/laretediplomatica/?pag=10,RIGA,M,Alessandro,LVA
LIBANO,MARCELLI FABRIZIO,https://www.esteri.it/it/ministero/struttura/laretediplomatica/?pag=10,BEIRUT,M,Fabrizio,LBN
LIBERIA,LUZZI ARTURO,https://www.esteri.it/it/ministero/struttura/laretediplomatica/?pag=10,,M,Arturo,LBR
LIBIA,ALBERINI GIANLUCA,https://www.esteri.it/it/ministero/struttura/laretediplomatica/?pag=10,TRIPOLI,M,Gianluca,LBY
LIECHTENSTEIN,CORNADO GIAN LORENZO,https://www.esteri.it/it/ministero/struttura/laretediplomatica/?pag=10,,M,Gian Lorenzo,LIE
LITUANIA,de MAIGRET EMANUELE,https://www.esteri.it/it/ministero/struttura/laretediplomatica/?pag=11,VILNIUS,M,Emanuele,LTU
LUSSEMBURGO,ROBUSTELLI CARMINE,https://www.esteri.it/it/ministero/struttura/laretediplomatica/?pag=11,LUSSEMBURGO,M,Carmine,LUX
MADAGASCAR,,https://www.esteri.it/it/ministero/struttura/laretediplomatica/?pag=11,,,,MDG
MALAWI,,https://www.esteri.it/it/ministero/struttura/laretediplomatica/?pag=11,,,,MWI
MALAYSIA,RUSTICO MASSIMO,https://www.esteri.it/it/ministero/struttura/laretediplomatica/?pag=11,KUALA LUMPUR,M,Massimo,MYS
MALDIVE,FRANCOVIGH DAMIANO,https://www.esteri.it/it/ministero/struttura/laretediplomatica/?pag=11,,M,Damiano,MDV
MALI,DEJAK STEFANO ANTONIO,https://www.esteri.it/it/ministero/struttura/laretediplomatica/?pag=11,BAMAKO,M,Stefano Antonio,MLI
MALTA,ROMANO FABRIZIO,https://www.esteri.it/it/ministero/struttura/laretediplomatica/?pag=11,LA VALLETTA,M,Fabrizio,MLT
MAROCCO,BARUCCO ARMANDO,https://www.esteri.it/it/ministero/struttura/laretediplomatica/?pag=11,RABAT,M,Armando,MAR
MAURITANIA,BOTTA' LAURA,https://www.esteri.it/it/ministero/struttura/laretediplomatica/?pag=11,NOUAKCHOTT,F,Laura,MRT
MAURITIUS,,https://www.esteri.it/it/ministero/struttura/laretediplomatica/?pag=12,,,,MUS
MESSICO,MODIANO ALESSANDRO,https://www.esteri.it/it/ministero/struttura/laretediplomatica/?pag=12,CITTA' DEL MESSICO,M,Alessandro,MEX
MOLDOVA,TOMASSONI LORENZO,https://www.esteri.it/it/ministero/struttura/laretediplomatica/?pag=12,CHISINAU,M,Lorenzo,MDA
MONACO,RUOSI MANUELA,https://www.esteri.it/it/ministero/struttura/laretediplomatica/?pag=12,MONACO (Principato),F,Manuela,MCO
MONGOLIA,PICCARRETA GIOVANNA,https://www.esteri.it/it/ministero/struttura/laretediplomatica/?pag=12,ULAANBAATAR,F,Giovanna,MNG
MONTENEGRO,MARSELLA ANDREINA,https://www.esteri.it/it/ministero/struttura/laretediplomatica/?pag=12,PODGORICA,F,Andreina,MNE
MOZAMBICO,ANNIS GABRIELE PHILLIP,https://www.esteri.it/it/ministero/struttura/laretediplomatica/?pag=12,MAPUTO,M,Gabriele Phillip,MOZ
MYANMAR,TASSONI ESTENSE di CASTELVECCHIO NICOLO',https://www.esteri.it/it/ministero/struttura/laretediplomatica/?pag=12,YANGON,M,Nicolò,MMR
NAMIBIA,,https://www.esteri.it/it/ministero/struttura/laretediplomatica/?pag=12,,,,NAM
NAURU,CRUDELE PAOLO,https://www.esteri.it/it/ministero/struttura/laretediplomatica/?pag=12,,M,Paolo,NRU
NEPAL,BARTOLI ANTONIO ENRICO,https://www.esteri.it/it/ministero/struttura/laretediplomatica/?pag=13,,M,Antonio Enrico,NPL
NICARAGUA,DE SANTI SIMONE,https://www.esteri.it/it/ministero/struttura/laretediplomatica/?pag=13,MANAGUA,M,Simone,NIC
NIGER,ORLANDO ROBERTO,https://www.esteri.it/it/ministero/struttura/laretediplomatica/?pag=13,NIAMEY,M,Roberto,NER
NIGERIA,DE LEO STEFANO,https://www.esteri.it/it/ministero/struttura/laretediplomatica/?pag=13,ABUJA,M,Stefano,NGA
NIUE,CALOGERO FRANCESCO,https://www.esteri.it/it/ministero/struttura/laretediplomatica/?pag=13,,M,Francesco,NIU
NORVEGIA,NICOLETTI STEFANO,https://www.esteri.it/it/ministero/struttura/laretediplomatica/?pag=13,OSLO,M,Stefano,NOR
NUOVA ZELANDA,CALOGERO FRANCESCO,https://www.esteri.it/it/ministero/struttura/laretediplomatica/?pag=13,WELLINGTON,M,Francesco,NZL
OMAN,D'ELIA PIERLUIGI,https://www.esteri.it/it/ministero/struttura/laretediplomatica/?pag=13,MASCATE,M,Pierluigi,OMN
ORGANISMI INTERNAZIONALI,CELESTE VINCENZO,https://www.esteri.it/it/ministero/struttura/laretediplomatica/?pag=13,,M,Vincenzo,
PAESI BASSI,NOVELLO GIORGIO,https://www.esteri.it/it/ministero/struttura/laretediplomatica/?pag=13,L'AJA,M,Giorgio,NLD
PAESI BASSI: TERRITORI AMMINISTRATI IN AMERICA,,https://www.esteri.it/it/ministero/struttura/laretediplomatica/?pag=14,,,,
PAKISTAN,ARMELLIN MARILINA,https://www.esteri.it/it/ministero/struttura/laretediplomatica/?pag=14,ISLAMABAD,F,Marilina,PAK
PANAMA,NICOLETTI FABRIZIO,https://www.esteri.it/it/ministero/struttura/laretediplomatica/?pag=14,PANAMA,M,Fabrizio,PAN
PAPUA NUOVA GUINEA,CRUDELE PAOLO,https://www.esteri.it/it/ministero/struttura/laretediplomatica/?pag=14,,M,Paolo,PNG
PARAGUAY,FONDI MARCELLO,https://www.esteri.it/it/ministero/struttura/laretediplomatica/?pag=14,ASSUNZIONE,M,Marcello,PRY
PERU',MAZZANTI MASSIMILIANO,https://www.esteri.it/it/ministero/struttura/laretediplomatica/?pag=14,LIMA,M,Massimiliano,PER
POLONIA,FRANCHETTI PARDO LUCA,https://www.esteri.it/it/ministero/struttura/laretediplomatica/?pag=14,VARSAVIA,M,Luca,POL
PORTOGALLO,MISCIA CLAUDIO,https://www.esteri.it/it/ministero/struttura/laretediplomatica/?pag=14,LISBONA,M,Claudio,PRT
QATAR,TOSCHI PAOLO,https://www.esteri.it/it/ministero/struttura/laretediplomatica/?pag=14,DOHA,M,Paolo,QAT
REGNO DI ESWATINI,ANNIS GABRIELE PHILLIP,https://www.esteri.it/it/ministero/struttura/laretediplomatica/?pag=14,,M,Gabriele Phillip,SWZ
REGNO UNITO,LAMBERTINI INIGO,https://www.esteri.it/it/ministero/struttura/laretediplomatica/?pag=15,LONDRA,M,Inigo,GBR
REGNO UNITO: TERRITORI AMMINISTRATI IN AMERICA,,https://www.esteri.it/it/ministero/struttura/laretediplomatica/?pag=15,,,,
REGNO UNITO: TERRITORI AMMINISTRATI IN EUROPA,,https://www.esteri.it/it/ministero/struttura/laretediplomatica/?pag=15,,,,
REGNO di ESWATINI,,https://www.esteri.it/it/ministero/struttura/laretediplomatica/?pag=15,,,,SWZ
REPUBBLICA CECA,MARSILI MAURO,https://www.esteri.it/it/ministero/struttura/laretediplomatica/?pag=15,PRAGA,M,Mauro,CZE
REPUBBLICA CENTRAFRICANA,SCAMMACCA del MURGO FILIPPO,https://www.esteri.it/it/ministero/struttura/laretediplomatica/?pag=15,,M,Filippo,CAF
REPUBBLICA DEL CONGO,NUNZIATA ENRICO,https://www.esteri.it/it/ministero/struttura/laretediplomatica/?pag=15,BRAZZAVILLE,M,Enrico,COG
REPUBBLICA DEMOCRATICA DEL CONGO,SORRENTINO SABATO FRANCO,https://www.esteri.it/it/ministero/struttura/laretediplomatica/?pag=15,KINSHASA,M,Sabato Franco,COD
REPUBBLICA DEMOCRATICA DI TIMOR EST,COLAMINE' ROBERTO,https://www.esteri.it/it/ministero/struttura/laretediplomatica/?pag=15,,M,Roberto,TLS
REPUBBLICA DI COREA,GATTO EMILIA,https://www.esteri.it/it/ministero/struttura/laretediplomatica/?pag=15,SEOUL,F,Emilia,KOR
REPUBBLICA DI MACEDONIA DEL NORD,PALMINTERI PAOLO,https://www.esteri.it/it/ministero/struttura/laretediplomatica/?pag=16,SKOPJE,M,Paolo,MKD
REPUBBLICA DI PALAU,GIGLIO DAVIDE,https://www.esteri.it/it/ministero/struttura/laretediplomatica/?pag=16,,M,Davide,PLW
REPUBBLICA DOMINICANA,QUEIROLO PALMAS STEFANO,https://www.esteri.it/it/ministero/struttura/laretediplomatica/?pag=16,SANTO DOMINGO,M,Stefano,DOM
REPUBBLICA POPOLARE CINESE,AMBROSETTI MASSIMO,https://www.esteri.it/it/ministero/struttura/laretediplomatica/?pag=16,PECHINO,M,Massimo,CHN
REPUBBLICA POPOLARE DEMOCRATICA DI COREA,GATTO EMILIA,https://www.esteri.it/it/ministero/struttura/laretediplomatica/?pag=16,,F,Emilia,PRK
ROMANIA,DURANTE MANGONI ALFREDO MARIA,https://www.esteri.it/it/ministero/struttura/laretediplomatica/?pag=16,BUCAREST,M,Alfredo,ROU
RUANDA,MASSONI MAURO,https://www.esteri.it/it/ministero/struttura/laretediplomatica/?pag=16,,M,Mauro,RWA
SAINT KITTS E NEVIS,NICOLETTI FABRIZIO,https://www.esteri.it/it/ministero/struttura/laretediplomatica/?pag=16,,M,Fabrizio,KNA
SAINT LUCIA,NICOLETTI FABRIZIO,https://www.esteri.it/it/ministero/struttura/laretediplomatica/?pag=16,,M,Fabrizio,LCA
SAINT VINCENT E GRENADINE,,https://www.esteri.it/it/ministero/struttura/laretediplomatica/?pag=16,,,,VCT
SAMOA,CALOGERO FRANCESCO,https://www.esteri.it/it/ministero/struttura/laretediplomatica/?pag=17,,M,Francesco,WSM
SAN MARINO,COLACECI FABRIZIO,https://www.esteri.it/it/ministero/struttura/laretediplomatica/?pag=17,SAN MARINO,M,Fabrizio,SMR
SANTA SEDE,DI NITTO FRANCESCO,https://www.esteri.it/it/ministero/struttura/laretediplomatica/?pag=17,SANTA SEDE - CITTA' DEL VATICANO,M,Francesco,VAT
SENEGAL,BERTOLINI CATERINA,https://www.esteri.it/it/ministero/struttura/laretediplomatica/?pag=17,DAKAR,F,Caterina,SEN
SERBIA,GORI LUCA,https://www.esteri.it/it/ministero/struttura/laretediplomatica/?pag=17,BELGRADO,M,Luca,SRB
SEYCHELLES,NATALI ROBERTO,https://www.esteri.it/it/ministero/struttura/laretediplomatica/?pag=17,,M,Roberto,SYC
SIERRA LEONE,LUZZI ARTURO,https://www.esteri.it/it/ministero/struttura/laretediplomatica/?pag=17,,M,Arturo,SLE
SINGAPORE,BRANDI DANTE,https://www.esteri.it/it/ministero/struttura/laretediplomatica/?pag=17,SINGAPORE,M,Dante,SGP
SIRIA,RAVAGNAN STEFANO,https://www.esteri.it/it/ministero/struttura/laretediplomatica/?pag=17,DAMASCO,M,Stefano,SYR
SLOVACCHIA,DE FELICE GIANCLEMENTE,https://www.esteri.it/it/ministero/struttura/laretediplomatica/?pag=18,BRATISLAVA,M,Gianclemente,SVK
SLOVENIA,CAVAGNA GIUSEPPE,https://www.esteri.it/it/ministero/struttura/laretediplomatica/?pag=18,LUBIANA,M,Giuseppe,SVN
SOMALIA,DACCÒ COPPI PIER MARIO,https://www.esteri.it/it/ministero/struttura/laretediplomatica/?pag=18,,M,Pier Mario,SOM
SOVRANO MILITARE ORDINE DI MALTA,DI NITTO FRANCESCO,https://www.esteri.it/it/ministero/struttura/laretediplomatica/?pag=18,,M,Francesco,
SPAGNA,BUCCINO GRIMALDI GIUSEPPE MARIA,https://www.esteri.it/it/ministero/struttura/laretediplomatica/?pag=18,MADRID,M,Giuseppe Maria,ESP
SRI LANKA,FRANCOVIGH DAMIANO,https://www.esteri.it/it/ministero/struttura/laretediplomatica/?pag=18,COLOMBO,M,Damiano,LKA
STATI FEDERATI DI MICRONESIA,GIGLIO DAVIDE,https://www.esteri.it/it/ministero/struttura/laretediplomatica/?pag=18,,M,Davide,FSM
STATI UNITI D'AMERICA,ZAPPIA MARIA ANGELA,https://www.esteri.it/it/ministero/struttura/laretediplomatica/?pag=18,WASHINGTON,F,Maria Angela,USA
SUD AFRICA,,https://www.esteri.it/it/ministero/struttura/laretediplomatica/?pag=18,PRETORIA,,,ZAF
SUD SUDAN,PALESE AGOSTINO,https://www.esteri.it/it/ministero/struttura/laretediplomatica/?pag=18,,M,Agostino,SSD
SUDAN,TOMMASI MICHELE,https://www.esteri.it/it/ministero/struttura/laretediplomatica/?pag=19,KHARTOUM,M,Michele,SDN
SURINAME,CORTESE ALESSANDRO,https://www.esteri.it/it/ministero/struttura/laretediplomatica/?pag=19,,M,Alessandro,SUR
SVEZIA,PALA MICHELE,https://www.esteri.it/it/ministero/struttura/laretediplomatica/?pag=19,STOCCOLMA,M,Michele,SWE
SVIZZERA,CORNADO GIAN LORENZO,https://www.esteri.it/it/ministero/struttura/laretediplomatica/?pag=19,BERNA,M,Gian Lorenzo,CHE
SÃO TOME' E PRINCIPE,RICCI MARCO,https://www.esteri.it/it/ministero/struttura/laretediplomatica/?pag=17,,M,Marco,STP
TAGIKISTAN,,https://www.esteri.it/it/ministero/struttura/laretediplomatica/?pag=19,,,,TJK
TAIWAN,,https://www.esteri.it/it/ministero/struttura/laretediplomatica/?pag=19,,,,
TANZANIA,COPPOLA GIUSEPPE SEAN,https://www.esteri.it/it/ministero/struttura/laretediplomatica/?pag=19,DAR-ES-SALAAM,M,Giuseppe Sean,TZA
THAILANDIA,,https://www.esteri.it/it/ministero/struttura/laretediplomatica/?pag=19,BANGKOK,,,THA
TOGO,,https://www.esteri.it/it/ministero/struttura/laretediplomatica/?pag=19,,,,TGO
TONGA,CALOGERO FRANCESCO,https://www.esteri.it/it/ministero/struttura/laretediplomatica/?pag=19,,M,Francesco,TON
TRINIDAD E TOBAGO,NICOLETTI FABRIZIO,https://www.esteri.it/it/ministero/struttura/laretediplomatica/?pag=20,,M,Fabrizio,TTO
TUNISIA,PRUNAS ALESSANDRO,https://www.esteri.it/it/ministero/struttura/laretediplomatica/?pag=20,TUNISI,M,Alessandro,TUN
TURCHIA,MARRAPODI GIORGIO,https://www.esteri.it/it/ministero/struttura/laretediplomatica/?pag=20,ANKARA,M,Giorgio,TUR
TURKMENISTAN,FERRARI LUIGI,https://www.esteri.it/it/ministero/struttura/laretediplomatica/?pag=20,ASHGABAT,M,Luigi,TKM
TUVALU,CALOGERO FRANCESCO,https://www.esteri.it/it/ministero/struttura/laretediplomatica/?pag=20,,M,Francesco,TUV
UCRAINA,FORMOSA CARLO,https://www.esteri.it/it/ministero/struttura/laretediplomatica/?pag=20,KIEV,M,Carlo,UKR
UGANDA,MASSONI MAURO,https://www.esteri.it/it/ministero/struttura/laretediplomatica/?pag=20,KAMPALA,M,Mauro,UGA
UNGHERIA,JACOANGELI MANUEL,https://www.esteri.it/it/ministero/struttura/laretediplomatica/?pag=20,BUDAPEST,M,Manuel,HUN
URUGUAY,PETRI FABRIZIO,https://www.esteri.it/it/ministero/struttura/laretediplomatica/?pag=20,MONTEVIDEO,M,Fabrizio,URY
UZBEKISTAN,,https://www.esteri.it/it/ministero/struttura/laretediplomatica/?pag=20,TASHKENT,,,UZB
VANUATU,CRUDELE PAOLO,https://www.esteri.it/it/ministero/struttura/laretediplomatica/?pag=21,,M,Paolo,VUT
VENEZUELA,DE VITO GIOVANNI UMBERTO,https://www.esteri.it/it/ministero/struttura/laretediplomatica/?pag=21,CARACAS,M,Giovanni,VEN
VIETNAM,della SETA MARCO,https://www.esteri.it/it/ministero/struttura/laretediplomatica/?pag=21,HANOI,M,Marco,VNM
YEMEN,,https://www.esteri.it/it/ministero/struttura/laretediplomatica/?pag=21,SANA'A,,,YEM
ZAMBIA,DE AGOSTINI ENRICO,https://www.esteri.it/it/ministero/struttura/laretediplomatica/?pag=21,LUSAKA,M,Enrico,ZMB
ZIMBABWE,MALNATI UMBERTO,https://www.esteri.it/it/ministero/struttura/laretediplomatica/?pag=21,HARARE,M,Umberto,ZWE
